{"blocks":[{"x":490,"y":820,"text":"Excel","width":320,"height":160,"type":"Блок","isMenuBlock":false,"fontSize":14,"textHeight":14,"isBold":false,"isItalic":false,"textAlign":"center","labelsPosition":1},{"x":530,"y":430,"text":"START","width":220,"height":110,"type":"Начало / конец","isMenuBlock":false,"fontSize":14,"textHeight":14,"isBold":false,"isItalic":false,"textAlign":"center","labelsPosition":1},{"x":780,"y":540,"text":"/info","width":160,"height":80,"type":"Блок","isMenuBlock":false,"fontSize":14,"textHeight":14,"isBold":false,"isItalic":false,"textAlign":"center","labelsPosition":1},{"x":790,"y":310,"text":"/start","width":160,"height":80,"type":"Блок","isMenuBlock":false,"fontSize":14,"textHeight":14,"isBold":false,"isItalic":false,"textAlign":"center","labelsPosition":1},{"x":1090,"y":180,"text":"Выберите сложность пароля","width":220,"height":100,"type":"Блок","isMenuBlock":false,"fontSize":14,"textHeight":14,"isBold":false,"isItalic":false,"textAlign":"center","labelsPosition":1},{"x":1410,"y":180,"text":"Средний","width":220,"height":100,"type":"Блок","isMenuBlock":false,"fontSize":14,"textHeight":14,"isBold":false,"isItalic":false,"textAlign":"center","labelsPosition":1},{"x":1410,"y":350,"text":"Сложный","width":220,"height":100,"type":"Блок","isMenuBlock":false,"fontSize":14,"textHeight":14,"isBold":false,"isItalic":false,"textAlign":"center","labelsPosition":1},{"x":1410,"y":20,"text":"Простой","width":220,"height":100,"type":"Блок","isMenuBlock":false,"fontSize":14,"textHeight":14,"isBold":false,"isItalic":false,"textAlign":"center","labelsPosition":1},{"x":1700,"y":20,"text":"Пароль содержит 8 символов\nи состоит только из букв","width":220,"height":100,"type":"Блок","isMenuBlock":false,"fontSize":14,"textHeight":14,"isBold":false,"isItalic":false,"textAlign":"center","labelsPosition":1},{"x":1710,"y":180,"text":"Пароль содержит от\n9 до 16 символов\nи состоит только из букв и цифр","width":220,"height":100,"type":"Блок","isMenuBlock":false,"fontSize":14,"textHeight":14,"isBold":false,"isItalic":false,"textAlign":"center","labelsPosition":1},{"x":1710,"y":350,"text":"Пароль содержит от\n16 до 24 символов\nи состоит из букв и цифр и\nспец.символов","width":220,"height":100,"type":"Блок","isMenuBlock":false,"fontSize":14,"textHeight":14,"isBold":false,"isItalic":false,"textAlign":"center","labelsPosition":1},{"x":-370,"y":-150,"text":"","width":100,"height":40,"type":"Блок","isMenuBlock":false,"fontSize":14,"textHeight":14,"isBold":false,"isItalic":false,"textAlign":"center","labelsPosition":1},{"x":1750,"y":610,"text":"Генерация пароля\nна основе выбранной\nпользователем сложности","width":220,"height":100,"type":"Блок","isMenuBlock":false,"fontSize":14,"textHeight":14,"isBold":false,"isItalic":false,"textAlign":"center","labelsPosition":1},{"x":1460,"y":610,"text":"Хотите сгенерировать новый\nпароль?","width":220,"height":100,"type":"Блок","isMenuBlock":false,"fontSize":14,"textHeight":14,"isBold":false,"isItalic":false,"textAlign":"center","labelsPosition":1},{"x":1190,"y":500,"text":"Да","width":220,"height":100,"type":"Блок","isMenuBlock":false,"fontSize":14,"textHeight":14,"isBold":false,"isItalic":false,"textAlign":"center","labelsPosition":1},{"x":1190,"y":760,"text":"Нет","width":220,"height":100,"type":"Блок","isMenuBlock":false,"fontSize":14,"textHeight":14,"isBold":false,"isItalic":false,"textAlign":"center","labelsPosition":1},{"x":1190,"y":910,"text":"Спасибо за использование\n(завершающая фраза)","width":220,"height":100,"type":"Блок","isMenuBlock":false,"fontSize":14,"textHeight":14,"isBold":false,"isItalic":false,"textAlign":"center","labelsPosition":1}],"arrows":[{"startIndex":1,"endIndex":2,"startConnectorIndex":2,"endConnectorIndex":3,"nodes":[{"x":530,"y":485},{"x":530,"y":540},{"x":680,"y":540},{"x":700,"y":540}],"counts":[1,1,1,1]},{"startIndex":1,"endIndex":0,"startConnectorIndex":3,"endConnectorIndex":3,"nodes":[{"x":420,"y":430},{"x":310,"y":430},{"x":310,"y":820},{"x":330,"y":820}],"counts":[1,1,1,1]},{"startIndex":1,"endIndex":3,"startConnectorIndex":0,"endConnectorIndex":3,"nodes":[{"x":530,"y":375},{"x":530,"y":310},{"x":690,"y":310},{"x":710,"y":310}],"counts":[1,1,1,1]},{"startIndex":3,"endIndex":4,"startConnectorIndex":1,"endConnectorIndex":2,"nodes":[{"x":870,"y":310},{"x":1090,"y":310},{"x":1090,"y":250},{"x":1090,"y":230}],"counts":[1,1,1,1]},{"startIndex":4,"endIndex":7,"startConnectorIndex":1,"endConnectorIndex":3,"nodes":[{"x":1200,"y":180},{"x":1280,"y":180},{"x":1280,"y":20},{"x":1300,"y":20}],"counts":[1,1,1,1]},{"startIndex":4,"endIndex":5,"startConnectorIndex":1,"endConnectorIndex":3,"nodes":[{"x":1200,"y":180},{"x":1280,"y":180},{"x":1300,"y":180}],"counts":[1,1,1]},{"startIndex":4,"endIndex":6,"startConnectorIndex":1,"endConnectorIndex":3,"nodes":[{"x":1200,"y":180},{"x":1290,"y":180},{"x":1290,"y":350},{"x":1300,"y":350}],"counts":[1,1,1,1]},{"startIndex":6,"endIndex":10,"startConnectorIndex":1,"endConnectorIndex":3,"nodes":[{"x":1520,"y":350},{"x":1580,"y":350},{"x":1600,"y":350}],"counts":[1,1,1]},{"startIndex":5,"endIndex":9,"startConnectorIndex":1,"endConnectorIndex":3,"nodes":[{"x":1520,"y":180},{"x":1580,"y":180},{"x":1600,"y":180}],"counts":[1,1,1]},{"startIndex":7,"endIndex":8,"startConnectorIndex":1,"endConnectorIndex":3,"nodes":[{"x":1520,"y":20},{"x":1570,"y":20},{"x":1590,"y":20}],"counts":[1,1,1]},{"startIndex":8,"endIndex":12,"startConnectorIndex":1,"endConnectorIndex":1,"nodes":[{"x":1810,"y":20},{"x":1890,"y":20},{"x":1890,"y":610},{"x":1880,"y":610},{"x":1860,"y":610}],"counts":[1,1,1,1,1]},{"startIndex":9,"endIndex":12,"startConnectorIndex":1,"endConnectorIndex":1,"nodes":[{"x":1820,"y":180},{"x":1890,"y":180},{"x":1890,"y":610},{"x":1880,"y":610},{"x":1860,"y":610}],"counts":[1,1,1,1,1]},{"startIndex":10,"endIndex":12,"startConnectorIndex":1,"endConnectorIndex":1,"nodes":[{"x":1820,"y":350},{"x":1890,"y":350},{"x":1890,"y":610},{"x":1880,"y":610},{"x":1860,"y":610}],"counts":[1,1,1,1,1]},{"startIndex":12,"endIndex":13,"startConnectorIndex":3,"endConnectorIndex":1,"nodes":[{"x":1640,"y":610},{"x":1590,"y":610},{"x":1570,"y":610}],"counts":[1,1,1]},{"startIndex":13,"endIndex":14,"startConnectorIndex":3,"endConnectorIndex":1,"nodes":[{"x":1350,"y":610},{"x":1320,"y":610},{"x":1320,"y":500},{"x":1300,"y":500}],"counts":[1,1,1,1]},{"startIndex":13,"endIndex":15,"startConnectorIndex":3,"endConnectorIndex":1,"nodes":[{"x":1350,"y":610},{"x":1320,"y":610},{"x":1320,"y":760},{"x":1300,"y":760}],"counts":[1,1,1,1]},{"startIndex":14,"endIndex":4,"startConnectorIndex":3,"endConnectorIndex":3,"nodes":[{"x":1080,"y":500},{"x":960,"y":500},{"x":960,"y":180},{"x":980,"y":180}],"counts":[1,1,1,1]},{"startIndex":15,"endIndex":16,"startConnectorIndex":2,"endConnectorIndex":0,"nodes":[{"x":1190,"y":810},{"x":1190,"y":840},{"x":1190,"y":860}],"counts":[1,1,1]},{"startIndex":16,"endIndex":3,"startConnectorIndex":3,"endConnectorIndex":2,"nodes":[{"x":1080,"y":910},{"x":900,"y":910},{"x":900,"y":400},{"x":790,"y":400},{"x":790,"y":370},{"x":790,"y":350}],"counts":[1,1,1,1,1,1]}],"x0":456,"y0":176}